Wall time,Step,Value
1652202051.782258,1677,0.38781458139419556
1652202870.206653,3354,0.35990285873413086
1652203688.9211266,5031,0.3409676253795624
1652204502.0201445,6708,0.32811108231544495
1652205319.4177427,8385,0.3255760967731476
1652206137.6994615,10062,0.3204018473625183
1652206950.6890147,11739,0.316550612449646
1652207764.9220607,13416,0.3210901916027069
1652208581.8965535,15093,0.31642845273017883
1652209398.7912948,16770,0.31727519631385803
