Wall time,Step,Value
1652129841.8256903,584,0.49664291739463806
1652130149.0310957,1168,0.4546095132827759
1652130446.3464158,1752,0.433142751455307
1652130740.9255342,2336,0.4202132523059845
1652131032.1913424,2920,0.41313695907592773
1652131320.0237465,3504,0.40598633885383606
1652131608.8063903,4088,0.40303266048431396
1652131896.357045,4672,0.3995106518268585
1652132182.811591,5256,0.3993341326713562
1652132470.9154603,5840,0.3988131284713745
