Wall time,Step,Value
1652186042.0760624,1182,0.4277953505516052
1652186624.9076903,2364,0.39318108558654785
1652187206.8775902,3546,0.3731142580509186
1652187785.203104,4728,0.3583231270313263
1652188359.127968,5910,0.3526144325733185
1652188933.905862,7092,0.3470780551433563
1652189507.6415563,8274,0.3444373607635498
1652190082.0015483,9456,0.34205490350723267
1652190655.895564,10638,0.34174367785453796
1652191229.8987813,11820,0.3404243588447571
