Wall time,Step,Value
1652137385.33401,8768,0.3705136775970459
1652141562.805485,17536,0.3418876826763153
1652145671.1014884,26304,0.3222748935222626
1652149758.242657,35072,0.3148495554924011
1652153857.6371918,43840,0.30963513255119324
1652157962.81907,52608,0.3040963411331177
1652162088.2401388,61376,0.303334504365921
1652166185.699825,70144,0.3009246587753296
1652170304.801623,78912,0.299151748418808
1652174449.3398175,87680,0.2993084192276001
