Wall time,Step,Value
1652211536.7871954,1349,0.36863383650779724
1652212206.25492,2698,0.35094746947288513
1652212867.6950622,4047,0.3223945200443268
1652213534.6890447,5396,0.31399407982826233
1652214193.8067522,6745,0.310384601354599
1652214870.204711,8094,0.3089311718940735
1652215536.342307,9443,0.3051398992538452
1652216197.6349788,10792,0.305391401052475
1652216859.8061585,12141,0.30303019285202026
1652217523.900731,13490,0.3026670813560486
