Wall time,Step,Value
1652192671.144127,1914,0.4262964725494385
1652193603.243156,3828,0.39225414395332336
1652194528.234508,5742,0.3814795911312103
1652195454.7130134,7656,0.3682834506034851
1652196381.251919,9570,0.3622886538505554
1652197309.9336026,11484,0.35659530758857727
1652198237.1565554,13398,0.3581632971763611
1652199165.7194934,15312,0.3559575080871582
1652200092.9317544,17226,0.3550540506839752
1652201020.2331598,19140,0.35508325695991516
