Wall time,Step,Value
1652175894.6251786,2064,0.5384333729743958
1652176895.2483785,4128,0.5052829384803772
1652177889.0335214,6192,0.4880635738372803
1652178880.3520198,8256,0.4815042316913605
1652179868.6932724,10320,0.4722031056880951
1652180856.8152976,12384,0.471109002828598
1652181842.2438488,14448,0.460318386554718
1652182828.6268091,16512,0.4588853716850281
1652183822.1298091,18576,0.4607343077659607
1652184813.630198,20640,0.4593471884727478
